,Loan_ID,Loan_Status
0,1, Approved
1,2, Approved
2,3, Approved
3,4, Approved
4,5, Approved
5,6, Approved
6,7, Approved
7,8, Approved
8,9, Approved
9,10, Approved
10,11, Approved
11,12, Approved
12,13, Approved
13,14, Approved
14,15, Approved
15,16, Approved
16,17, Approved
17,18, Approved
18,19, Approved
19,20, Approved
20,21, Approved
21,22, Approved
22,23, Approved
23,24, Approved
24,25, Approved
25,26, Approved
26,27, Approved
27,28, Approved
28,29, Approved
29,30, Approved
30,31, Approved
31,32, Approved
32,33, Approved
33,34, Approved
34,35, Approved
35,36, Approved
36,37, Approved
37,38, Approved
38,39, Approved
39,40, Approved
40,41, Approved
41,42, Approved
42,43, Approved
43,44, Approved
44,45, Rejected
45,46, Approved
46,47, Approved
47,48, Approved
48,49, Approved
49,50, Approved
50,51, Approved
51,52, Approved
52,53, Rejected
53,54, Approved
54,55, Approved
55,56, Approved
56,57, Approved
57,58, Approved
58,59, Approved
59,60, Approved
60,61, Approved
61,62, Approved
62,63, Approved
63,64, Approved
64,65, Approved
65,66, Approved
66,67, Approved
67,68, Approved
68,69, Approved
69,70, Approved
70,71, Approved
71,72, Approved
72,73, Approved
73,74, Approved
74,75, Approved
75,76, Approved
76,77, Approved
77,78, Approved
78,79, Approved
79,80, Approved
80,81, Approved
81,82, Approved
82,83, Approved
83,84, Approved
84,85, Approved
85,86, Approved
86,87, Approved
87,88, Approved
88,89, Approved
89,90, Approved
90,91, Approved
91,92, Approved
92,93, Approved
93,94, Approved
94,95, Approved
95,96, Approved
96,97, Approved
97,98, Approved
98,99, Approved
99,100, Approved
100,101, Rejected
101,102, Approved
102,103, Approved
103,104, Approved
104,105, Approved
105,106, Approved
106,107, Approved
107,108, Approved
108,109, Approved
109,110, Approved
110,111, Approved
111,112, Approved
112,113, Approved
113,114, Approved
114,115, Approved
115,116, Approved
116,117, Approved
117,118, Approved
118,119, Approved
119,120, Approved
120,121, Approved
121,122, Approved
122,123, Approved
123,124, Rejected
124,125, Approved
125,126, Approved
126,127, Approved
127,128, Approved
128,129, Approved
129,130, Approved
130,131, Approved
131,132, Approved
132,133, Approved
133,134, Approved
134,135, Approved
135,136, Approved
136,137, Approved
137,138, Approved
138,139, Approved
139,140, Approved
140,141, Approved
141,142, Approved
142,143, Approved
143,144, Approved
144,145, Approved
145,146, Approved
146,147, Approved
147,148, Approved
148,149, Approved
149,150, Approved
150,151, Approved
151,152, Approved
152,153, Approved
153,154, Approved
154,155, Approved
155,156, Approved
156,157, Approved
157,158, Approved
158,159, Rejected
159,160, Approved
160,161, Approved
161,162, Approved
162,163, Approved
163,164, Approved
164,165, Approved
165,166, Approved
166,167, Approved
167,168, Approved
168,169, Approved
169,170, Approved
170,171, Approved
171,172, Approved
172,173, Approved
173,174, Approved
174,175, Approved
175,176, Approved
176,177, Approved
177,178, Approved
178,179, Approved
179,180, Approved
180,181, Approved
181,182, Approved
182,183, Approved
183,184, Approved
184,185, Approved
185,186, Approved
186,187, Approved
187,188, Approved
188,189, Approved
189,190, Approved
190,191, Approved
191,192, Approved
192,193, Approved
193,194, Approved
194,195, Approved
195,196, Approved
196,197, Approved
197,198, Approved
198,199, Approved
199,200, Approved
200,201, Approved
201,202, Approved
202,203, Approved
203,204, Approved
204,205, Approved
205,206, Approved
206,207, Approved
207,208, Approved
208,209, Approved
209,210, Approved
210,211, Rejected
211,212, Approved
212,213, Approved
213,214, Approved
214,215, Approved
215,216, Approved
216,217, Approved
217,218, Approved
218,219, Approved
219,220, Approved
220,221, Approved
221,222, Approved
222,223, Approved
223,224, Approved
224,225, Approved
225,226, Approved
226,227, Approved
227,228, Approved
228,229, Approved
229,230, Approved
230,231, Approved
231,232, Approved
232,233, Approved
233,234, Approved
234,235, Approved
235,236, Approved
236,237, Approved
237,238, Approved
238,239, Approved
239,240, Approved
240,241, Approved
241,242, Approved
242,243, Approved
243,244, Approved
244,245, Approved
245,246, Approved
246,247, Approved
247,248, Approved
248,249, Approved
249,250, Approved
250,251, Approved
251,252, Approved
252,253, Approved
253,254, Approved
254,255, Approved
255,256, Approved
256,257, Approved
257,258, Approved
258,259, Approved
259,260, Approved
260,261, Approved
261,262, Approved
262,263, Approved
263,264, Approved
264,265, Approved
265,266, Approved
266,267, Approved
267,268, Approved
268,269, Approved
269,270, Approved
270,271, Approved
271,272, Approved
272,273, Approved
273,274, Approved
274,275, Approved
275,276, Approved
276,277, Approved
277,278, Approved
278,279, Approved
279,280, Approved
280,281, Approved
281,282, Approved
282,283, Approved
283,284, Approved
284,285, Approved
285,286, Approved
286,287, Approved
287,288, Approved
288,289, Approved
289,290, Approved
290,291, Approved
291,292, Approved
292,293, Approved
293,294, Approved
294,295, Approved
295,296, Approved
296,297, Approved
297,298, Approved
298,299, Approved
299,300, Approved
300,301, Approved
301,302, Approved
302,303, Approved
303,304, Approved
304,305, Approved
305,306, Approved
306,307, Approved
307,308, Approved
308,309, Approved
309,310, Approved
310,311, Approved
311,312, Approved
312,313, Approved
313,314, Approved
314,315, Approved
315,316, Approved
316,317, Approved
317,318, Approved
318,319, Approved
319,320, Approved
320,321, Approved
321,322, Approved
322,323, Approved
323,324, Approved
324,325, Approved
325,326, Approved
326,327, Approved
327,328, Approved
328,329, Approved
329,330, Approved
330,331, Approved
331,332, Approved
332,333, Approved
333,334, Approved
334,335, Approved
335,336, Approved
336,337, Approved
337,338, Approved
338,339, Approved
339,340, Approved
340,341, Approved
341,342, Approved
342,343, Approved
343,344, Approved
344,345, Approved
345,346, Approved
346,347, Approved
347,348, Approved
348,349, Approved
349,350, Approved
350,351, Approved
351,352, Approved
352,353, Approved
353,354, Approved
354,355, Approved
355,356, Approved
356,357, Approved
357,358, Approved
358,359, Approved
359,360, Approved
360,361, Approved
361,362, Approved
362,363, Approved
363,364, Approved
364,365, Approved
365,366, Approved
366,367, Approved
367,368, Approved
368,369, Approved
369,370, Approved
370,371, Approved
371,372, Approved
372,373, Approved
373,374, Approved
374,375, Approved
375,376, Approved
376,377, Approved
377,378, Approved
378,379, Approved
379,380, Approved
380,381, Approved
381,382, Approved
382,383, Approved
383,384, Approved
384,385, Approved
385,386, Approved
386,387, Approved
387,388, Approved
388,389, Approved
389,390, Approved
390,391, Approved
391,392, Approved
392,393, Approved
393,394, Approved
394,395, Approved
395,396, Approved
396,397, Approved
397,398, Approved
398,399, Approved
399,400, Approved
400,401, Approved
401,402, Approved
402,403, Approved
403,404, Approved
404,405, Approved
405,406, Approved
406,407, Approved
407,408, Approved
408,409, Approved
409,410, Approved
410,411, Approved
411,412, Approved
412,413, Approved
413,414, Approved
414,415, Approved
415,416, Approved
416,417, Approved
417,418, Approved
418,419, Approved
419,420, Approved
420,421, Approved
421,422, Approved
422,423, Approved
423,424, Approved
424,425, Approved
425,426, Approved
426,427, Approved
427,428, Approved
428,429, Approved
429,430, Approved
430,431, Approved
431,432, Approved
432,433, Approved
433,434, Approved
434,435, Approved
435,436, Approved
436,437, Approved
437,438, Approved
438,439, Approved
439,440, Approved
440,441, Approved
441,442, Approved
442,443, Approved
443,444, Approved
444,445, Approved
445,446, Approved
446,447, Approved
447,448, Approved
448,449, Approved
449,450, Approved
450,451, Approved
451,452, Rejected
452,453, Approved
453,454, Approved
454,455, Approved
455,456, Approved
456,457, Approved
457,458, Approved
458,459, Approved
459,460, Approved
460,461, Approved
461,462, Approved
462,463, Approved
463,464, Approved
464,465, Approved
465,466, Approved
466,467, Approved
467,468, Approved
468,469, Approved
469,470, Approved
470,471, Approved
471,472, Approved
472,473, Approved
473,474, Approved
474,475, Approved
475,476, Approved
476,477, Approved
477,478, Approved
478,479, Approved
479,480, Approved
480,481, Approved
481,482, Approved
482,483, Approved
483,484, Approved
484,485, Approved
485,486, Approved
486,487, Approved
487,488, Approved
488,489, Approved
489,490, Approved
490,491, Approved
491,492, Approved
492,493, Approved
493,494, Approved
494,495, Approved
495,496, Approved
496,497, Approved
497,498, Approved
498,499, Approved
499,500, Approved
500,501, Approved
501,502, Approved
502,503, Approved
503,504, Approved
504,505, Approved
505,506, Approved
506,507, Approved
507,508, Approved
508,509, Approved
509,510, Approved
510,511, Approved
511,512, Approved
512,513, Approved
513,514, Approved
514,515, Approved
515,516, Approved
516,517, Approved
517,518, Approved
518,519, Approved
519,520, Approved
520,521, Approved
521,522, Approved
522,523, Approved
523,524, Approved
524,525, Approved
525,526, Approved
526,527, Approved
527,528, Approved
528,529, Approved
529,530, Approved
530,531, Approved
531,532, Approved
532,533, Approved
533,534, Approved
534,535, Approved
535,536, Approved
536,537, Approved
537,538, Approved
538,539, Approved
539,540, Approved
540,541, Approved
541,542, Approved
542,543, Approved
543,544, Approved
544,545, Approved
545,546, Approved
546,547, Approved
547,548, Approved
548,549, Approved
549,550, Approved
550,551, Approved
551,552, Approved
552,553, Approved
553,554, Approved
554,555, Approved
555,556, Approved
556,557, Approved
557,558, Approved
558,559, Approved
559,560, Approved
560,561, Approved
561,562, Approved
562,563, Approved
563,564, Approved
564,565, Approved
565,566, Approved
566,567, Approved
567,568, Approved
568,569, Approved
569,570, Approved
570,571, Approved
571,572, Approved
572,573, Approved
573,574, Approved
574,575, Approved
575,576, Approved
576,577, Approved
577,578, Approved
578,579, Approved
579,580, Approved
580,581, Approved
581,582, Approved
582,583, Approved
583,584, Approved
584,585, Approved
585,586, Approved
586,587, Approved
587,588, Approved
588,589, Approved
589,590, Approved
590,591, Approved
591,592, Approved
592,593, Approved
593,594, Approved
594,595, Approved
595,596, Approved
596,597, Approved
597,598, Approved
598,599, Approved
599,600, Approved
600,601, Approved
601,602, Approved
602,603, Approved
603,604, Approved
604,605, Approved
605,606, Approved
606,607, Approved
607,608, Approved
608,609, Approved
609,610, Approved
610,611, Approved
611,612, Approved
612,613, Approved
613,614, Approved
614,615, Approved
615,616, Approved
616,617, Approved
617,618, Approved
618,619, Approved
619,620, Approved
620,621, Approved
621,622, Approved
622,623, Approved
623,624, Approved
624,625, Approved
625,626, Approved
626,627, Approved
627,628, Approved
628,629, Approved
629,630, Approved
630,631, Approved
631,632, Approved
632,633, Approved
633,634, Approved
634,635, Approved
635,636, Approved
636,637, Approved
637,638, Approved
638,639, Approved
639,640, Approved
640,641, Approved
641,642, Approved
642,643, Approved
643,644, Approved
644,645, Rejected
645,646, Approved
646,647, Approved
647,648, Approved
648,649, Approved
649,650, Approved
650,651, Approved
651,652, Approved
652,653, Approved
653,654, Approved
654,655, Approved
655,656, Approved
656,657, Approved
657,658, Approved
658,659, Approved
659,660, Approved
660,661, Approved
661,662, Approved
662,663, Approved
663,664, Approved
664,665, Approved
665,666, Approved
666,667, Approved
667,668, Approved
668,669, Approved
669,670, Approved
670,671, Approved
671,672, Approved
672,673, Approved
673,674, Approved
674,675, Rejected
675,676, Approved
676,677, Approved
677,678, Approved
678,679, Approved
679,680, Approved
680,681, Approved
681,682, Approved
682,683, Approved
683,684, Approved
684,685, Approved
685,686, Approved
686,687, Approved
687,688, Approved
688,689, Approved
689,690, Approved
690,691, Approved
691,692, Approved
692,693, Approved
693,694, Approved
694,695, Approved
695,696, Approved
696,697, Approved
697,698, Approved
698,699, Approved
699,700, Approved
700,701, Approved
701,702, Approved
702,703, Approved
703,704, Approved
704,705, Approved
705,706, Approved
706,707, Approved
707,708, Approved
708,709, Approved
709,710, Approved
710,711, Approved
711,712, Approved
712,713, Approved
713,714, Approved
714,715, Approved
715,716, Approved
716,717, Approved
717,718, Approved
718,719, Approved
719,720, Approved
720,721, Approved
721,722, Approved
722,723, Approved
723,724, Approved
724,725, Approved
725,726, Approved
726,727, Approved
727,728, Approved
728,729, Approved
729,730, Approved
730,731, Approved
731,732, Approved
732,733, Approved
733,734, Approved
734,735, Approved
735,736, Approved
736,737, Approved
737,738, Approved
738,739, Approved
739,740, Approved
740,741, Approved
741,742, Approved
742,743, Approved
743,744, Approved
744,745, Approved
745,746, Approved
746,747, Approved
747,748, Approved
748,749, Approved
749,750, Approved
750,751, Approved
751,752, Approved
752,753, Approved
753,754, Approved
754,755, Approved
755,756, Approved
756,757, Approved
757,758, Approved
758,759, Approved
759,760, Approved
760,761, Approved
761,762, Approved
762,763, Approved
763,764, Approved
764,765, Approved
765,766, Approved
766,767, Approved
767,768, Approved
768,769, Approved
769,770, Approved
770,771, Approved
771,772, Approved
772,773, Rejected
773,774, Approved
774,775, Approved
775,776, Approved
776,777, Approved
777,778, Approved
778,779, Approved
779,780, Approved
780,781, Approved
781,782, Approved
782,783, Approved
783,784, Approved
784,785, Approved
785,786, Approved
786,787, Approved
787,788, Approved
788,789, Approved
789,790, Approved
790,791, Approved
791,792, Approved
792,793, Approved
793,794, Approved
794,795, Approved
795,796, Approved
796,797, Approved
797,798, Approved
798,799, Approved
799,800, Approved
800,801, Approved
801,802, Approved
802,803, Approved
803,804, Approved
804,805, Approved
805,806, Approved
806,807, Approved
807,808, Approved
808,809, Approved
809,810, Approved
810,811, Approved
811,812, Approved
812,813, Approved
813,814, Approved
814,815, Approved
815,816, Approved
816,817, Approved
817,818, Approved
818,819, Approved
819,820, Approved
820,821, Approved
821,822, Approved
822,823, Approved
823,824, Approved
824,825, Approved
825,826, Approved
826,827, Approved
827,828, Approved
828,829, Approved
829,830, Approved
830,831, Approved
831,832, Approved
832,833, Approved
833,834, Approved
834,835, Approved
835,836, Approved
836,837, Approved
837,838, Approved
838,839, Approved
839,840, Approved
840,841, Approved
841,842, Approved
842,843, Approved
843,844, Approved
844,845, Approved
845,846, Approved
846,847, Approved
847,848, Approved
848,849, Approved
849,850, Approved
850,851, Approved
851,852, Approved
852,853, Approved
853,854, Approved
854,855, Approved
855,856, Approved
856,857, Approved
857,858, Approved
858,859, Approved
859,860, Approved
860,861, Approved
861,862, Approved
862,863, Approved
863,864, Approved
864,865, Approved
865,866, Approved
866,867, Approved
867,868, Approved
868,869, Approved
869,870, Approved
870,871, Approved
871,872, Rejected
872,873, Approved
873,874, Approved
874,875, Approved
875,876, Approved
876,877, Approved
877,878, Approved
878,879, Approved
879,880, Rejected
880,881, Approved
881,882, Approved
882,883, Approved
883,884, Approved
884,885, Approved
885,886, Approved
886,887, Rejected
887,888, Approved
888,889, Approved
889,890, Approved
890,891, Approved
891,892, Approved
892,893, Approved
893,894, Approved
894,895, Approved
895,896, Approved
896,897, Approved
897,898, Approved
898,899, Approved
899,900, Approved
900,901, Approved
901,902, Approved
902,903, Approved
903,904, Approved
904,905, Approved
905,906, Approved
906,907, Approved
907,908, Approved
908,909, Approved
909,910, Approved
910,911, Approved
911,912, Approved
912,913, Approved
913,914, Approved
914,915, Approved
915,916, Approved
916,917, Approved
917,918, Approved
918,919, Approved
919,920, Approved
920,921, Approved
921,922, Approved
922,923, Approved
923,924, Approved
924,925, Approved
925,926, Approved
926,927, Approved
927,928, Approved
928,929, Approved
929,930, Approved
930,931, Approved
931,932, Approved
932,933, Approved
933,934, Approved
934,935, Approved
935,936, Approved
936,937, Approved
937,938, Approved
938,939, Approved
939,940, Approved
940,941, Approved
941,942, Approved
942,943, Approved
943,944, Approved
944,945, Approved
945,946, Approved
946,947, Approved
947,948, Approved
948,949, Approved
949,950, Approved
950,951, Approved
951,952, Approved
952,953, Approved
953,954, Approved
954,955, Approved
955,956, Approved
956,957, Approved
957,958, Approved
958,959, Approved
959,960, Approved
960,961, Approved
961,962, Approved
962,963, Approved
963,964, Approved
964,965, Approved
965,966, Approved
966,967, Approved
967,968, Approved
968,969, Approved
969,970, Approved
970,971, Approved
971,972, Approved
972,973, Approved
973,974, Approved
974,975, Approved
975,976, Approved
976,977, Approved
977,978, Approved
978,979, Approved
979,980, Approved
980,981, Approved
981,982, Approved
982,983, Approved
983,984, Approved
984,985, Approved
985,986, Approved
986,987, Approved
987,988, Approved
988,989, Approved
989,990, Approved
990,991, Approved
991,992, Approved
992,993, Approved
993,994, Approved
994,995, Approved
995,996, Approved
996,997, Approved
997,998, Approved
998,999, Approved
999,1000, Approved
1000,1001, Approved
1001,1002, Approved
1002,1003, Approved
1003,1004, Approved
1004,1005, Approved
1005,1006, Approved
1006,1007, Approved
1007,1008, Approved
1008,1009, Approved
1009,1010, Approved
1010,1011, Approved
1011,1012, Approved
1012,1013, Approved
1013,1014, Approved
1014,1015, Approved
1015,1016, Approved
1016,1017, Approved
1017,1018, Approved
1018,1019, Approved
1019,1020, Approved
1020,1021, Approved
1021,1022, Approved
1022,1023, Approved
1023,1024, Approved
1024,1025, Approved
1025,1026, Approved
1026,1027, Approved
1027,1028, Approved
1028,1029, Approved
1029,1030, Approved
1030,1031, Approved
1031,1032, Approved
1032,1033, Approved
1033,1034, Approved
1034,1035, Approved
1035,1036, Approved
1036,1037, Approved
1037,1038, Approved
1038,1039, Approved
1039,1040, Approved
1040,1041, Approved
1041,1042, Approved
1042,1043, Approved
1043,1044, Approved
1044,1045, Approved
1045,1046, Approved
1046,1047, Approved
1047,1048, Approved
1048,1049, Approved
1049,1050, Approved
1050,1051, Approved
1051,1052, Approved
1052,1053, Approved
1053,1054, Approved
1054,1055, Approved
1055,1056, Approved
1056,1057, Approved
1057,1058, Approved
1058,1059, Approved
1059,1060, Approved
1060,1061, Approved
1061,1062, Rejected
1062,1063, Approved
1063,1064, Approved
1064,1065, Approved
1065,1066, Approved
1066,1067, Approved
1067,1068, Approved
1068,1069, Rejected
1069,1070, Approved
1070,1071, Approved
1071,1072, Approved
1072,1073, Approved
1073,1074, Approved
1074,1075, Approved
1075,1076, Approved
1076,1077, Approved
1077,1078, Approved
1078,1079, Approved
1079,1080, Approved
1080,1081, Rejected
1081,1082, Approved
1082,1083, Approved
1083,1084, Approved
1084,1085, Approved
1085,1086, Approved
1086,1087, Approved
1087,1088, Approved
1088,1089, Approved
1089,1090, Approved
1090,1091, Approved
1091,1092, Approved
1092,1093, Approved
1093,1094, Approved
1094,1095, Approved
1095,1096, Approved
1096,1097, Approved
1097,1098, Approved
1098,1099, Approved
1099,1100, Approved
1100,1101, Approved
1101,1102, Approved
1102,1103, Approved
1103,1104, Approved
1104,1105, Approved
1105,1106, Approved
1106,1107, Approved
1107,1108, Approved
1108,1109, Approved
1109,1110, Approved
1110,1111, Approved
1111,1112, Approved
1112,1113, Approved
1113,1114, Approved
1114,1115, Approved
1115,1116, Approved
1116,1117, Approved
1117,1118, Approved
1118,1119, Approved
1119,1120, Approved
1120,1121, Approved
1121,1122, Approved
1122,1123, Approved
1123,1124, Approved
1124,1125, Approved
1125,1126, Approved
1126,1127, Approved
1127,1128, Approved
1128,1129, Approved
1129,1130, Approved
1130,1131, Approved
1131,1132, Approved
1132,1133, Approved
1133,1134, Approved
1134,1135, Approved
1135,1136, Approved
1136,1137, Approved
1137,1138, Approved
1138,1139, Approved
1139,1140, Approved
1140,1141, Approved
1141,1142, Approved
1142,1143, Approved
1143,1144, Approved
1144,1145, Approved
1145,1146, Approved
1146,1147, Approved
1147,1148, Rejected
1148,1149, Approved
1149,1150, Approved
1150,1151, Approved
1151,1152, Approved
1152,1153, Approved
1153,1154, Approved
1154,1155, Approved
1155,1156, Approved
1156,1157, Approved
1157,1158, Approved
1158,1159, Approved
1159,1160, Approved
1160,1161, Approved
1161,1162, Approved
1162,1163, Approved
1163,1164, Approved
1164,1165, Approved
1165,1166, Approved
1166,1167, Approved
1167,1168, Approved
1168,1169, Approved
1169,1170, Approved
1170,1171, Approved
1171,1172, Approved
1172,1173, Approved
1173,1174, Approved
1174,1175, Approved
1175,1176, Approved
1176,1177, Approved
1177,1178, Approved
1178,1179, Approved
1179,1180, Approved
1180,1181, Approved
1181,1182, Approved
1182,1183, Approved
1183,1184, Approved
1184,1185, Approved
1185,1186, Approved
1186,1187, Approved
1187,1188, Approved
1188,1189, Approved
1189,1190, Approved
1190,1191, Approved
1191,1192, Approved
1192,1193, Approved
1193,1194, Approved
1194,1195, Approved
1195,1196, Approved
1196,1197, Approved
1197,1198, Approved
1198,1199, Rejected
1199,1200, Approved
1200,1201, Approved
1201,1202, Approved
1202,1203, Approved
1203,1204, Approved
1204,1205, Approved
1205,1206, Approved
1206,1207, Approved
1207,1208, Approved
1208,1209, Approved
1209,1210, Approved
1210,1211, Approved
1211,1212, Approved
1212,1213, Approved
1213,1214, Approved
1214,1215, Approved
1215,1216, Approved
1216,1217, Approved
1217,1218, Approved
1218,1219, Rejected
1219,1220, Rejected
1220,1221, Approved
1221,1222, Approved
1222,1223, Approved
1223,1224, Approved
1224,1225, Approved
1225,1226, Approved
1226,1227, Approved
1227,1228, Approved
1228,1229, Approved
1229,1230, Approved
1230,1231, Approved
1231,1232, Approved
1232,1233, Approved
1233,1234, Approved
1234,1235, Approved
1235,1236, Approved
1236,1237, Approved
1237,1238, Approved
1238,1239, Approved
1239,1240, Approved
1240,1241, Approved
1241,1242, Approved
1242,1243, Approved
1243,1244, Approved
1244,1245, Approved
1245,1246, Approved
1246,1247, Approved
1247,1248, Approved
1248,1249, Approved
1249,1250, Approved
1250,1251, Approved
1251,1252, Approved
1252,1253, Approved
1253,1254, Approved
1254,1255, Approved
1255,1256, Approved
1256,1257, Approved
1257,1258, Approved
1258,1259, Approved
1259,1260, Approved
1260,1261, Approved
1261,1262, Approved
1262,1263, Approved
1263,1264, Approved
1264,1265, Approved
1265,1266, Approved
1266,1267, Approved
1267,1268, Approved
1268,1269, Approved
1269,1270, Approved
1270,1271, Approved
1271,1272, Approved
1272,1273, Approved
1273,1274, Approved
1274,1275, Approved
1275,1276, Approved
1276,1277, Approved
1277,1278, Approved
1278,1279, Approved
1279,1280, Approved
1280,1281, Approved
1281,1282, Approved
1282,1283, Approved
1283,1284, Approved
1284,1285, Approved
1285,1286, Approved
1286,1287, Approved
1287,1288, Approved
1288,1289, Approved
1289,1290, Approved
1290,1291, Approved
1291,1292, Approved
1292,1293, Approved
1293,1294, Approved
1294,1295, Approved
1295,1296, Approved
1296,1297, Approved
1297,1298, Approved
1298,1299, Approved
1299,1300, Approved
1300,1301, Approved
1301,1302, Approved
1302,1303, Approved
1303,1304, Approved
1304,1305, Approved
1305,1306, Approved
1306,1307, Approved
1307,1308, Approved
1308,1309, Approved
1309,1310, Approved
1310,1311, Approved
1311,1312, Approved
1312,1313, Approved
1313,1314, Approved
1314,1315, Approved
1315,1316, Approved
1316,1317, Approved
1317,1318, Approved
1318,1319, Approved
1319,1320, Approved
1320,1321, Approved
1321,1322, Approved
1322,1323, Approved
1323,1324, Approved
1324,1325, Approved
1325,1326, Approved
1326,1327, Approved
1327,1328, Approved
1328,1329, Approved
1329,1330, Approved
1330,1331, Approved
1331,1332, Approved
1332,1333, Approved
1333,1334, Approved
1334,1335, Approved
1335,1336, Approved
1336,1337, Approved
1337,1338, Approved
1338,1339, Approved
1339,1340, Approved
1340,1341, Approved
1341,1342, Approved
1342,1343, Approved
1343,1344, Approved
1344,1345, Approved
1345,1346, Approved
1346,1347, Approved
1347,1348, Approved
1348,1349, Approved
1349,1350, Approved
1350,1351, Approved
1351,1352, Approved
1352,1353, Approved
1353,1354, Approved
1354,1355, Approved
1355,1356, Approved
1356,1357, Approved
1357,1358, Approved
1358,1359, Approved
1359,1360, Approved
1360,1361, Approved
1361,1362, Approved
1362,1363, Approved
1363,1364, Approved
1364,1365, Approved
1365,1366, Approved
1366,1367, Approved
1367,1368, Approved
1368,1369, Approved
1369,1370, Approved
1370,1371, Approved
1371,1372, Approved
1372,1373, Approved
1373,1374, Approved
1374,1375, Rejected
1375,1376, Approved
1376,1377, Approved
1377,1378, Approved
1378,1379, Approved
1379,1380, Approved
1380,1381, Approved
1381,1382, Approved
1382,1383, Approved
1383,1384, Approved
1384,1385, Approved
1385,1386, Approved
1386,1387, Approved
1387,1388, Approved
1388,1389, Approved
1389,1390, Approved
1390,1391, Approved
1391,1392, Approved
1392,1393, Approved
1393,1394, Approved
1394,1395, Approved
1395,1396, Approved
1396,1397, Approved
1397,1398, Approved
1398,1399, Approved
1399,1400, Approved
1400,1401, Approved
1401,1402, Approved
1402,1403, Approved
1403,1404, Approved
1404,1405, Approved
1405,1406, Approved
1406,1407, Approved
1407,1408, Approved
1408,1409, Approved
1409,1410, Approved
1410,1411, Approved
1411,1412, Approved
1412,1413, Approved
1413,1414, Approved
1414,1415, Approved
1415,1416, Approved
1416,1417, Approved
1417,1418, Approved
1418,1419, Approved
1419,1420, Approved
1420,1421, Approved
1421,1422, Approved
1422,1423, Approved
1423,1424, Approved
1424,1425, Approved
1425,1426, Approved
1426,1427, Approved
1427,1428, Approved
1428,1429, Approved
1429,1430, Approved
1430,1431, Approved
1431,1432, Approved
1432,1433, Approved
1433,1434, Approved
1434,1435, Approved
1435,1436, Approved
1436,1437, Approved
1437,1438, Approved
1438,1439, Approved
1439,1440, Approved
1440,1441, Approved
1441,1442, Approved
1442,1443, Approved
1443,1444, Approved
1444,1445, Approved
1445,1446, Approved
1446,1447, Approved
1447,1448, Approved
1448,1449, Approved
1449,1450, Approved
1450,1451, Approved
1451,1452, Approved
1452,1453, Approved
1453,1454, Approved
1454,1455, Approved
1455,1456, Approved
1456,1457, Approved
1457,1458, Approved
1458,1459, Approved
1459,1460, Approved
1460,1461, Approved
1461,1462, Approved
1462,1463, Approved
1463,1464, Approved
1464,1465, Approved
1465,1466, Rejected
1466,1467, Approved
1467,1468, Approved
1468,1469, Approved
1469,1470, Approved
1470,1471, Approved
1471,1472, Approved
1472,1473, Approved
1473,1474, Approved
1474,1475, Approved
1475,1476, Approved
1476,1477, Approved
1477,1478, Approved
1478,1479, Approved
1479,1480, Approved
1480,1481, Approved
1481,1482, Approved
1482,1483, Approved
1483,1484, Approved
1484,1485, Approved
1485,1486, Approved
1486,1487, Approved
1487,1488, Approved
1488,1489, Approved
1489,1490, Approved
1490,1491, Approved
1491,1492, Approved
1492,1493, Approved
1493,1494, Approved
1494,1495, Approved
1495,1496, Approved
1496,1497, Approved
1497,1498, Approved
1498,1499, Approved
1499,1500, Approved
1500,1501, Approved
1501,1502, Approved
1502,1503, Approved
1503,1504, Approved
1504,1505, Approved
1505,1506, Approved
1506,1507, Approved
1507,1508, Approved
1508,1509, Approved
1509,1510, Approved
1510,1511, Approved
1511,1512, Approved
1512,1513, Approved
1513,1514, Approved
1514,1515, Approved
1515,1516, Approved
1516,1517, Approved
1517,1518, Approved
1518,1519, Approved
1519,1520, Approved
1520,1521, Approved
1521,1522, Approved
1522,1523, Approved
1523,1524, Approved
1524,1525, Approved
1525,1526, Approved
1526,1527, Approved
1527,1528, Approved
1528,1529, Approved
1529,1530, Approved
1530,1531, Approved
1531,1532, Approved
1532,1533, Approved
1533,1534, Approved
1534,1535, Approved
1535,1536, Approved
1536,1537, Approved
1537,1538, Approved
1538,1539, Approved
1539,1540, Approved
1540,1541, Approved
1541,1542, Approved
1542,1543, Approved
1543,1544, Approved
1544,1545, Approved
1545,1546, Approved
1546,1547, Approved
1547,1548, Approved
1548,1549, Approved
1549,1550, Approved
1550,1551, Approved
1551,1552, Approved
1552,1553, Approved
1553,1554, Approved
1554,1555, Approved
1555,1556, Approved
1556,1557, Approved
1557,1558, Approved
1558,1559, Approved
1559,1560, Approved
1560,1561, Approved
1561,1562, Approved
1562,1563, Approved
1563,1564, Approved
1564,1565, Approved
1565,1566, Approved
1566,1567, Approved
1567,1568, Approved
1568,1569, Approved
1569,1570, Approved
1570,1571, Approved
1571,1572, Approved
1572,1573, Approved
1573,1574, Approved
1574,1575, Approved
1575,1576, Approved
1576,1577, Approved
1577,1578, Approved
1578,1579, Approved
1579,1580, Approved
1580,1581, Approved
1581,1582, Approved
1582,1583, Approved
1583,1584, Approved
1584,1585, Approved
1585,1586, Approved
1586,1587, Approved
1587,1588, Approved
1588,1589, Approved
1589,1590, Rejected
1590,1591, Approved
1591,1592, Approved
1592,1593, Approved
1593,1594, Approved
1594,1595, Approved
1595,1596, Approved
1596,1597, Approved
1597,1598, Approved
1598,1599, Approved
1599,1600, Approved
1600,1601, Approved
1601,1602, Approved
1602,1603, Approved
1603,1604, Approved
1604,1605, Approved
1605,1606, Approved
1606,1607, Approved
1607,1608, Approved
1608,1609, Approved
1609,1610, Approved
1610,1611, Approved
1611,1612, Approved
1612,1613, Approved
1613,1614, Approved
1614,1615, Approved
1615,1616, Approved
1616,1617, Approved
1617,1618, Approved
1618,1619, Approved
1619,1620, Approved
1620,1621, Rejected
1621,1622, Approved
1622,1623, Approved
1623,1624, Approved
1624,1625, Approved
1625,1626, Approved
1626,1627, Approved
1627,1628, Approved
1628,1629, Approved
1629,1630, Approved
1630,1631, Approved
1631,1632, Approved
1632,1633, Approved
1633,1634, Approved
1634,1635, Approved
1635,1636, Approved
1636,1637, Approved
1637,1638, Approved
1638,1639, Approved
1639,1640, Approved
1640,1641, Approved
1641,1642, Approved
1642,1643, Approved
1643,1644, Approved
1644,1645, Approved
1645,1646, Approved
1646,1647, Approved
1647,1648, Approved
1648,1649, Approved
1649,1650, Approved
1650,1651, Approved
1651,1652, Approved
1652,1653, Approved
1653,1654, Approved
1654,1655, Approved
1655,1656, Approved
1656,1657, Approved
1657,1658, Approved
1658,1659, Approved
1659,1660, Approved
1660,1661, Approved
1661,1662, Approved
1662,1663, Approved
1663,1664, Approved
1664,1665, Approved
1665,1666, Approved
1666,1667, Approved
1667,1668, Approved
1668,1669, Approved
1669,1670, Approved
1670,1671, Approved
1671,1672, Approved
1672,1673, Approved
1673,1674, Approved
1674,1675, Approved
1675,1676, Approved
1676,1677, Approved
1677,1678, Approved
1678,1679, Approved
1679,1680, Approved
1680,1681, Approved
1681,1682, Approved
1682,1683, Approved
1683,1684, Approved
1684,1685, Approved
1685,1686, Approved
1686,1687, Approved
1687,1688, Approved
1688,1689, Approved
1689,1690, Approved
1690,1691, Approved
1691,1692, Approved
1692,1693, Approved
1693,1694, Approved
1694,1695, Approved
1695,1696, Approved
1696,1697, Approved
1697,1698, Approved
1698,1699, Approved
1699,1700, Approved
1700,1701, Approved
1701,1702, Approved
1702,1703, Approved
1703,1704, Approved
1704,1705, Approved
1705,1706, Approved
1706,1707, Approved
1707,1708, Approved
1708,1709, Approved
1709,1710, Approved
1710,1711, Approved
1711,1712, Approved
1712,1713, Approved
1713,1714, Approved
1714,1715, Approved
1715,1716, Approved
1716,1717, Approved
1717,1718, Approved
1718,1719, Approved
1719,1720, Approved
1720,1721, Approved
1721,1722, Approved
1722,1723, Approved
1723,1724, Approved
1724,1725, Approved
1725,1726, Approved
1726,1727, Approved
1727,1728, Approved
1728,1729, Approved
1729,1730, Approved
1730,1731, Approved
1731,1732, Approved
1732,1733, Approved
1733,1734, Approved
1734,1735, Approved
1735,1736, Approved
1736,1737, Approved
1737,1738, Approved
1738,1739, Approved
1739,1740, Approved
1740,1741, Approved
1741,1742, Approved
1742,1743, Approved
1743,1744, Approved
1744,1745, Approved
1745,1746, Approved
1746,1747, Approved
1747,1748, Approved
1748,1749, Approved
1749,1750, Approved
1750,1751, Approved
1751,1752, Approved
1752,1753, Approved
1753,1754, Approved
1754,1755, Approved
1755,1756, Approved
1756,1757, Approved
1757,1758, Approved
1758,1759, Approved
1759,1760, Approved
1760,1761, Approved
1761,1762, Approved
1762,1763, Approved
1763,1764, Approved
1764,1765, Rejected
1765,1766, Approved
1766,1767, Approved
1767,1768, Approved
1768,1769, Approved
1769,1770, Approved
1770,1771, Approved
1771,1772, Approved
1772,1773, Approved
1773,1774, Approved
1774,1775, Approved
1775,1776, Approved
1776,1777, Approved
1777,1778, Approved
1778,1779, Approved
1779,1780, Approved
1780,1781, Approved
1781,1782, Approved
1782,1783, Approved
1783,1784, Approved
1784,1785, Approved
1785,1786, Approved
1786,1787, Approved
1787,1788, Approved
1788,1789, Approved
1789,1790, Approved
1790,1791, Approved
1791,1792, Approved
1792,1793, Approved
1793,1794, Approved
1794,1795, Approved
1795,1796, Approved
1796,1797, Approved
1797,1798, Approved
1798,1799, Approved
1799,1800, Approved
1800,1801, Approved
1801,1802, Approved
1802,1803, Approved
1803,1804, Approved
1804,1805, Approved
1805,1806, Approved
1806,1807, Approved
1807,1808, Approved
1808,1809, Approved
1809,1810, Approved
1810,1811, Approved
1811,1812, Approved
1812,1813, Approved
1813,1814, Approved
1814,1815, Approved
1815,1816, Approved
1816,1817, Approved
1817,1818, Approved
1818,1819, Approved
1819,1820, Approved
1820,1821, Approved
1821,1822, Approved
1822,1823, Approved
1823,1824, Approved
1824,1825, Approved
1825,1826, Approved
1826,1827, Approved
1827,1828, Approved
1828,1829, Approved
1829,1830, Approved
1830,1831, Approved
1831,1832, Approved
1832,1833, Approved
1833,1834, Approved
1834,1835, Approved
1835,1836, Approved
1836,1837, Approved
1837,1838, Approved
1838,1839, Approved
1839,1840, Approved
1840,1841, Approved
1841,1842, Approved
1842,1843, Approved
1843,1844, Approved
1844,1845, Approved
1845,1846, Approved
1846,1847, Approved
1847,1848, Approved
1848,1849, Approved
1849,1850, Approved
1850,1851, Approved
1851,1852, Approved
1852,1853, Approved
1853,1854, Approved
1854,1855, Approved
1855,1856, Approved
1856,1857, Approved
1857,1858, Approved
1858,1859, Approved
1859,1860, Approved
1860,1861, Approved
1861,1862, Approved
1862,1863, Approved
1863,1864, Approved
1864,1865, Approved
1865,1866, Approved
1866,1867, Rejected
1867,1868, Approved
1868,1869, Approved
1869,1870, Approved
1870,1871, Approved
1871,1872, Approved
1872,1873, Approved
1873,1874, Approved
1874,1875, Approved
1875,1876, Approved
1876,1877, Approved
1877,1878, Approved
1878,1879, Approved
1879,1880, Approved
1880,1881, Approved
1881,1882, Approved
1882,1883, Approved
1883,1884, Approved
1884,1885, Approved
1885,1886, Approved
1886,1887, Approved
1887,1888, Approved
1888,1889, Approved
1889,1890, Approved
1890,1891, Approved
1891,1892, Approved
1892,1893, Approved
1893,1894, Approved
1894,1895, Approved
1895,1896, Approved
1896,1897, Approved
1897,1898, Approved
1898,1899, Approved
1899,1900, Approved
1900,1901, Approved
1901,1902, Approved
1902,1903, Approved
1903,1904, Approved
1904,1905, Approved
1905,1906, Approved
1906,1907, Approved
1907,1908, Approved
1908,1909, Approved
1909,1910, Approved
1910,1911, Approved
1911,1912, Approved
1912,1913, Approved
1913,1914, Approved
1914,1915, Approved
1915,1916, Approved
1916,1917, Approved
1917,1918, Approved
1918,1919, Approved
1919,1920, Rejected
1920,1921, Approved
1921,1922, Approved
1922,1923, Approved
1923,1924, Approved
1924,1925, Approved
1925,1926, Approved
1926,1927, Approved
1927,1928, Approved
1928,1929, Approved
1929,1930, Approved
1930,1931, Approved
1931,1932, Approved
1932,1933, Rejected
1933,1934, Approved
1934,1935, Approved
1935,1936, Approved
1936,1937, Approved
1937,1938, Approved
1938,1939, Approved
1939,1940, Approved
1940,1941, Approved
1941,1942, Approved
1942,1943, Approved
1943,1944, Approved
1944,1945, Approved
1945,1946, Approved
1946,1947, Approved
1947,1948, Approved
1948,1949, Approved
1949,1950, Approved
1950,1951, Approved
1951,1952, Approved
1952,1953, Approved
1953,1954, Approved
1954,1955, Approved
1955,1956, Approved
1956,1957, Approved
1957,1958, Approved
1958,1959, Approved
1959,1960, Approved
1960,1961, Approved
1961,1962, Approved
1962,1963, Approved
1963,1964, Approved
1964,1965, Approved
1965,1966, Approved
1966,1967, Approved
1967,1968, Approved
1968,1969, Approved
1969,1970, Approved
1970,1971, Approved
1971,1972, Approved
1972,1973, Rejected
1973,1974, Approved
1974,1975, Approved
1975,1976, Approved
1976,1977, Approved
1977,1978, Approved
1978,1979, Approved
1979,1980, Approved
1980,1981, Approved
1981,1982, Approved
1982,1983, Approved
1983,1984, Approved
1984,1985, Approved
1985,1986, Approved
1986,1987, Approved
1987,1988, Approved
1988,1989, Approved
1989,1990, Approved
1990,1991, Approved
1991,1992, Approved
1992,1993, Approved
1993,1994, Approved
1994,1995, Approved
1995,1996, Approved
1996,1997, Approved
1997,1998, Approved
1998,1999, Approved
1999,2000, Approved
2000,2001, Approved
2001,2002, Approved
2002,2003, Approved
2003,2004, Approved
2004,2005, Approved
2005,2006, Approved
2006,2007, Approved
2007,2008, Approved
2008,2009, Approved
2009,2010, Approved
2010,2011, Approved
2011,2012, Approved
2012,2013, Approved
2013,2014, Approved
2014,2015, Approved
2015,2016, Approved
2016,2017, Approved
2017,2018, Approved
2018,2019, Approved
2019,2020, Approved
2020,2021, Approved
2021,2022, Approved
2022,2023, Approved
2023,2024, Approved
2024,2025, Approved
2025,2026, Approved
2026,2027, Approved
2027,2028, Approved
2028,2029, Approved
2029,2030, Approved
2030,2031, Approved
2031,2032, Approved
2032,2033, Approved
2033,2034, Approved
2034,2035, Approved
2035,2036, Approved
2036,2037, Approved
2037,2038, Approved
2038,2039, Approved
2039,2040, Approved
2040,2041, Approved
2041,2042, Approved
2042,2043, Approved
2043,2044, Approved
2044,2045, Approved
2045,2046, Approved
2046,2047, Approved
2047,2048, Approved
2048,2049, Approved
2049,2050, Approved
2050,2051, Approved
2051,2052, Approved
2052,2053, Approved
2053,2054, Approved
2054,2055, Approved
2055,2056, Approved
2056,2057, Approved
2057,2058, Approved
2058,2059, Approved
2059,2060, Approved
2060,2061, Approved
2061,2062, Approved
2062,2063, Approved
2063,2064, Approved
2064,2065, Approved
2065,2066, Approved
2066,2067, Approved
2067,2068, Approved
2068,2069, Approved
2069,2070, Approved
2070,2071, Approved
2071,2072, Approved
2072,2073, Approved
2073,2074, Approved
2074,2075, Approved
2075,2076, Approved
2076,2077, Approved
2077,2078, Approved
2078,2079, Approved
2079,2080, Approved
2080,2081, Approved
2081,2082, Approved
2082,2083, Approved
2083,2084, Approved
2084,2085, Approved
2085,2086, Approved
2086,2087, Approved
2087,2088, Approved
2088,2089, Approved
2089,2090, Approved
2090,2091, Approved
2091,2092, Approved
2092,2093, Approved
2093,2094, Approved
2094,2095, Approved
2095,2096, Approved
2096,2097, Approved
2097,2098, Approved
2098,2099, Approved
2099,2100, Approved
2100,2101, Approved
2101,2102, Approved
2102,2103, Approved
2103,2104, Approved
2104,2105, Approved
2105,2106, Approved
2106,2107, Rejected
2107,2108, Approved
2108,2109, Approved
2109,2110, Approved
2110,2111, Approved
2111,2112, Approved
2112,2113, Approved
2113,2114, Approved
2114,2115, Approved
2115,2116, Approved
2116,2117, Approved
2117,2118, Approved
2118,2119, Approved
2119,2120, Approved
2120,2121, Approved
2121,2122, Approved
2122,2123, Approved
2123,2124, Approved
2124,2125, Approved
2125,2126, Approved
2126,2127, Approved
2127,2128, Approved
2128,2129, Approved
2129,2130, Approved
2130,2131, Approved
2131,2132, Approved
2132,2133, Approved
2133,2134, Approved
2134,2135, Approved
2135,2136, Approved
2136,2137, Approved
2137,2138, Approved
2138,2139, Approved
2139,2140, Approved
2140,2141, Approved
2141,2142, Approved
2142,2143, Approved
2143,2144, Approved
2144,2145, Approved
2145,2146, Approved
2146,2147, Approved
2147,2148, Approved
2148,2149, Approved
2149,2150, Approved
2150,2151, Approved
2151,2152, Approved
2152,2153, Approved
2153,2154, Approved
2154,2155, Approved
2155,2156, Approved
2156,2157, Approved
2157,2158, Approved
2158,2159, Approved
2159,2160, Approved
2160,2161, Approved
2161,2162, Approved
2162,2163, Approved
2163,2164, Approved
2164,2165, Approved
2165,2166, Approved
2166,2167, Approved
2167,2168, Approved
2168,2169, Approved
2169,2170, Approved
2170,2171, Approved
2171,2172, Approved
2172,2173, Approved
2173,2174, Approved
2174,2175, Approved
2175,2176, Approved
2176,2177, Approved
2177,2178, Approved
2178,2179, Approved
2179,2180, Approved
2180,2181, Approved
2181,2182, Approved
2182,2183, Approved
2183,2184, Approved
2184,2185, Approved
2185,2186, Approved
2186,2187, Approved
2187,2188, Approved
2188,2189, Approved
2189,2190, Approved
2190,2191, Approved
2191,2192, Approved
2192,2193, Approved
2193,2194, Approved
2194,2195, Approved
2195,2196, Approved
2196,2197, Approved
2197,2198, Approved
2198,2199, Approved
2199,2200, Approved
2200,2201, Approved
2201,2202, Approved
2202,2203, Approved
2203,2204, Approved
2204,2205, Approved
2205,2206, Approved
2206,2207, Approved
2207,2208, Approved
2208,2209, Approved
2209,2210, Approved
2210,2211, Approved
2211,2212, Approved
2212,2213, Approved
2213,2214, Approved
2214,2215, Approved
2215,2216, Approved
2216,2217, Approved
2217,2218, Approved
2218,2219, Approved
2219,2220, Approved
2220,2221, Approved
2221,2222, Approved
2222,2223, Approved
2223,2224, Approved
2224,2225, Approved
2225,2226, Approved
2226,2227, Approved
2227,2228, Approved
2228,2229, Approved
2229,2230, Approved
2230,2231, Approved
2231,2232, Approved
2232,2233, Approved
2233,2234, Approved
2234,2235, Approved
2235,2236, Approved
2236,2237, Approved
2237,2238, Approved
2238,2239, Approved
2239,2240, Approved
2240,2241, Approved
2241,2242, Approved
2242,2243, Approved
2243,2244, Approved
2244,2245, Approved
2245,2246, Approved
2246,2247, Approved
2247,2248, Approved
2248,2249, Approved
2249,2250, Approved
2250,2251, Approved
2251,2252, Approved
2252,2253, Approved
2253,2254, Approved
2254,2255, Approved
2255,2256, Approved
2256,2257, Approved
2257,2258, Approved
2258,2259, Approved
2259,2260, Approved
2260,2261, Approved
2261,2262, Approved
2262,2263, Approved
2263,2264, Approved
2264,2265, Approved
2265,2266, Approved
2266,2267, Approved
2267,2268, Approved
2268,2269, Approved
2269,2270, Approved
2270,2271, Approved
2271,2272, Approved
2272,2273, Approved
2273,2274, Approved
2274,2275, Approved
2275,2276, Approved
2276,2277, Approved
2277,2278, Approved
2278,2279, Approved
2279,2280, Approved
2280,2281, Approved
2281,2282, Approved
2282,2283, Approved
2283,2284, Approved
2284,2285, Approved
2285,2286, Approved
2286,2287, Approved
2287,2288, Approved
2288,2289, Approved
2289,2290, Approved
2290,2291, Approved
2291,2292, Approved
2292,2293, Approved
2293,2294, Approved
2294,2295, Approved
2295,2296, Approved
2296,2297, Approved
2297,2298, Approved
2298,2299, Approved
2299,2300, Rejected
2300,2301, Approved
2301,2302, Approved
2302,2303, Approved
2303,2304, Approved
2304,2305, Approved
2305,2306, Approved
2306,2307, Approved
2307,2308, Approved
2308,2309, Approved
2309,2310, Approved
2310,2311, Approved
2311,2312, Approved
2312,2313, Approved
2313,2314, Approved
2314,2315, Approved
2315,2316, Approved
2316,2317, Approved
2317,2318, Approved
2318,2319, Approved
2319,2320, Approved
2320,2321, Approved
2321,2322, Approved
2322,2323, Rejected
2323,2324, Approved
2324,2325, Approved
2325,2326, Approved
2326,2327, Approved
2327,2328, Approved
2328,2329, Approved
2329,2330, Approved
2330,2331, Approved
2331,2332, Approved
2332,2333, Approved
2333,2334, Approved
2334,2335, Approved
2335,2336, Approved
2336,2337, Approved
2337,2338, Approved
2338,2339, Approved
2339,2340, Approved
2340,2341, Approved
2341,2342, Approved
2342,2343, Approved
2343,2344, Approved
2344,2345, Approved
2345,2346, Approved
2346,2347, Approved
2347,2348, Approved
2348,2349, Approved
2349,2350, Approved
2350,2351, Approved
2351,2352, Approved
2352,2353, Approved
2353,2354, Approved
2354,2355, Approved
2355,2356, Approved
2356,2357, Approved
2357,2358, Approved
2358,2359, Approved
2359,2360, Approved
2360,2361, Approved
2361,2362, Approved
2362,2363, Approved
2363,2364, Approved
2364,2365, Approved
2365,2366, Approved
2366,2367, Approved
2367,2368, Approved
2368,2369, Approved
2369,2370, Approved
2370,2371, Approved
2371,2372, Approved
2372,2373, Approved
2373,2374, Approved
2374,2375, Approved
2375,2376, Approved
2376,2377, Approved
2377,2378, Approved
2378,2379, Approved
2379,2380, Approved
2380,2381, Approved
2381,2382, Approved
2382,2383, Approved
2383,2384, Approved
2384,2385, Approved
2385,2386, Approved
2386,2387, Approved
2387,2388, Approved
2388,2389, Approved
2389,2390, Approved
2390,2391, Approved
2391,2392, Approved
2392,2393, Approved
2393,2394, Approved
2394,2395, Approved
2395,2396, Approved
2396,2397, Approved
2397,2398, Approved
2398,2399, Approved
2399,2400, Approved
2400,2401, Approved
2401,2402, Approved
2402,2403, Approved
2403,2404, Approved
2404,2405, Approved
2405,2406, Approved
2406,2407, Approved
2407,2408, Approved
2408,2409, Approved
2409,2410, Approved
2410,2411, Approved
2411,2412, Approved
2412,2413, Approved
2413,2414, Approved
2414,2415, Approved
2415,2416, Approved
2416,2417, Approved
2417,2418, Approved
2418,2419, Approved
2419,2420, Approved
2420,2421, Approved
2421,2422, Approved
2422,2423, Approved
2423,2424, Approved
2424,2425, Approved
2425,2426, Approved
2426,2427, Approved
2427,2428, Approved
2428,2429, Approved
2429,2430, Approved
2430,2431, Approved
2431,2432, Approved
2432,2433, Approved
2433,2434, Approved
2434,2435, Approved
2435,2436, Approved
2436,2437, Approved
2437,2438, Approved
2438,2439, Approved
2439,2440, Approved
2440,2441, Approved
2441,2442, Approved
2442,2443, Approved
2443,2444, Approved
2444,2445, Approved
2445,2446, Approved
2446,2447, Approved
2447,2448, Approved
2448,2449, Approved
2449,2450, Approved
2450,2451, Approved
2451,2452, Approved
2452,2453, Approved
2453,2454, Approved
2454,2455, Approved
2455,2456, Approved
2456,2457, Approved
2457,2458, Approved
2458,2459, Approved
2459,2460, Approved
2460,2461, Approved
2461,2462, Approved
2462,2463, Approved
2463,2464, Approved
2464,2465, Approved
2465,2466, Approved
2466,2467, Approved
2467,2468, Approved
2468,2469, Approved
2469,2470, Approved
2470,2471, Approved
2471,2472, Approved
2472,2473, Approved
2473,2474, Approved
2474,2475, Approved
2475,2476, Approved
2476,2477, Approved
2477,2478, Approved
2478,2479, Approved
2479,2480, Approved
2480,2481, Approved
2481,2482, Approved
2482,2483, Approved
2483,2484, Approved
2484,2485, Approved
2485,2486, Approved
2486,2487, Approved
2487,2488, Approved
2488,2489, Approved
2489,2490, Approved
2490,2491, Approved
2491,2492, Approved
2492,2493, Approved
2493,2494, Approved
2494,2495, Approved
2495,2496, Approved
2496,2497, Approved
2497,2498, Approved
2498,2499, Approved
2499,2500, Approved
2500,2501, Approved
2501,2502, Approved
2502,2503, Approved
2503,2504, Approved
2504,2505, Approved
2505,2506, Approved
2506,2507, Approved
2507,2508, Approved
2508,2509, Approved
2509,2510, Approved
2510,2511, Approved
2511,2512, Approved
2512,2513, Approved
2513,2514, Approved
2514,2515, Approved
2515,2516, Approved
2516,2517, Approved
2517,2518, Approved
2518,2519, Approved
2519,2520, Approved
2520,2521, Approved
2521,2522, Approved
2522,2523, Approved
2523,2524, Approved
2524,2525, Approved
2525,2526, Approved
2526,2527, Approved
2527,2528, Approved
2528,2529, Approved
2529,2530, Approved
2530,2531, Approved
2531,2532, Approved
2532,2533, Approved
2533,2534, Approved
2534,2535, Approved
2535,2536, Approved
2536,2537, Approved
2537,2538, Approved
2538,2539, Approved
2539,2540, Approved
2540,2541, Approved
2541,2542, Approved
2542,2543, Approved
2543,2544, Approved
2544,2545, Approved
2545,2546, Approved
2546,2547, Approved
2547,2548, Approved
2548,2549, Approved
2549,2550, Approved
2550,2551, Approved
2551,2552, Approved
2552,2553, Approved
2553,2554, Approved
2554,2555, Approved
2555,2556, Approved
2556,2557, Approved
2557,2558, Approved
2558,2559, Approved
2559,2560, Approved
2560,2561, Approved
2561,2562, Approved
2562,2563, Approved
2563,2564, Approved
2564,2565, Approved
2565,2566, Approved
2566,2567, Approved
2567,2568, Approved
2568,2569, Approved
2569,2570, Approved
2570,2571, Approved
2571,2572, Approved
2572,2573, Approved
2573,2574, Approved
2574,2575, Approved
2575,2576, Approved
2576,2577, Approved
2577,2578, Approved
2578,2579, Approved
2579,2580, Approved
2580,2581, Approved
2581,2582, Approved
2582,2583, Approved
2583,2584, Approved
2584,2585, Approved
2585,2586, Approved
2586,2587, Approved
2587,2588, Approved
2588,2589, Approved
2589,2590, Approved
2590,2591, Approved
2591,2592, Approved
2592,2593, Approved
2593,2594, Approved
2594,2595, Approved
2595,2596, Approved
2596,2597, Approved
2597,2598, Approved
2598,2599, Approved
2599,2600, Approved
2600,2601, Approved
2601,2602, Approved
2602,2603, Approved
2603,2604, Approved
2604,2605, Approved
2605,2606, Approved
2606,2607, Approved
2607,2608, Approved
2608,2609, Approved
2609,2610, Approved
2610,2611, Approved
2611,2612, Approved
2612,2613, Approved
2613,2614, Approved
2614,2615, Rejected
2615,2616, Approved
2616,2617, Approved
2617,2618, Approved
2618,2619, Approved
2619,2620, Approved
2620,2621, Approved
2621,2622, Approved
2622,2623, Approved
2623,2624, Approved
2624,2625, Approved
2625,2626, Approved
2626,2627, Approved
2627,2628, Approved
2628,2629, Approved
2629,2630, Approved
2630,2631, Approved
2631,2632, Approved
2632,2633, Approved
2633,2634, Approved
2634,2635, Approved
2635,2636, Approved
2636,2637, Approved
2637,2638, Approved
2638,2639, Approved
2639,2640, Approved
2640,2641, Approved
2641,2642, Approved
2642,2643, Approved
2643,2644, Approved
2644,2645, Approved
2645,2646, Approved
2646,2647, Approved
2647,2648, Approved
2648,2649, Approved
2649,2650, Approved
2650,2651, Approved
2651,2652, Approved
2652,2653, Approved
2653,2654, Approved
2654,2655, Approved
2655,2656, Approved
2656,2657, Approved
2657,2658, Approved
2658,2659, Approved
2659,2660, Approved
2660,2661, Approved
2661,2662, Approved
2662,2663, Approved
2663,2664, Approved
2664,2665, Approved
2665,2666, Approved
2666,2667, Approved
2667,2668, Approved
2668,2669, Approved
2669,2670, Approved
2670,2671, Approved
2671,2672, Approved
2672,2673, Approved
2673,2674, Approved
2674,2675, Approved
2675,2676, Approved
2676,2677, Approved
2677,2678, Approved
2678,2679, Approved
2679,2680, Approved
2680,2681, Approved
2681,2682, Approved
2682,2683, Approved
2683,2684, Approved
2684,2685, Approved
2685,2686, Approved
2686,2687, Approved
2687,2688, Approved
2688,2689, Approved
2689,2690, Approved
2690,2691, Approved
2691,2692, Approved
2692,2693, Approved
2693,2694, Rejected
2694,2695, Approved
2695,2696, Approved
2696,2697, Approved
2697,2698, Approved
2698,2699, Approved
2699,2700, Approved
2700,2701, Rejected
2701,2702, Approved
2702,2703, Approved
2703,2704, Approved
2704,2705, Approved
2705,2706, Approved
2706,2707, Approved
2707,2708, Approved
2708,2709, Approved
2709,2710, Approved
2710,2711, Approved
2711,2712, Approved
2712,2713, Approved
2713,2714, Approved
2714,2715, Approved
2715,2716, Approved
2716,2717, Approved
2717,2718, Approved
2718,2719, Approved
2719,2720, Approved
2720,2721, Approved
2721,2722, Approved
2722,2723, Approved
2723,2724, Approved
2724,2725, Approved
2725,2726, Approved
2726,2727, Approved
2727,2728, Approved
2728,2729, Approved
2729,2730, Approved
2730,2731, Approved
2731,2732, Rejected
2732,2733, Approved
2733,2734, Approved
2734,2735, Approved
2735,2736, Approved
2736,2737, Approved
2737,2738, Approved
2738,2739, Approved
2739,2740, Approved
2740,2741, Approved
2741,2742, Approved
2742,2743, Approved
2743,2744, Approved
2744,2745, Approved
2745,2746, Approved
2746,2747, Approved
2747,2748, Approved
2748,2749, Approved
2749,2750, Approved
2750,2751, Approved
2751,2752, Approved
2752,2753, Rejected
2753,2754, Approved
2754,2755, Approved
2755,2756, Approved
2756,2757, Approved
2757,2758, Approved
2758,2759, Approved
2759,2760, Approved
2760,2761, Approved
2761,2762, Approved
2762,2763, Approved
2763,2764, Approved
2764,2765, Approved
2765,2766, Approved
2766,2767, Approved
2767,2768, Approved
2768,2769, Approved
2769,2770, Approved
2770,2771, Approved
2771,2772, Approved
2772,2773, Approved
2773,2774, Approved
2774,2775, Approved
2775,2776, Approved
2776,2777, Approved
2777,2778, Approved
2778,2779, Approved
2779,2780, Approved
2780,2781, Approved
2781,2782, Approved
2782,2783, Approved
2783,2784, Approved
2784,2785, Approved
2785,2786, Approved
2786,2787, Approved
2787,2788, Approved
2788,2789, Approved
2789,2790, Approved
2790,2791, Approved
2791,2792, Approved
2792,2793, Approved
2793,2794, Approved
2794,2795, Approved
2795,2796, Approved
2796,2797, Approved
2797,2798, Approved
2798,2799, Approved
2799,2800, Approved
2800,2801, Approved
2801,2802, Approved
2802,2803, Approved
2803,2804, Approved
2804,2805, Approved
2805,2806, Approved
2806,2807, Approved
2807,2808, Approved
2808,2809, Approved
2809,2810, Approved
2810,2811, Approved
2811,2812, Approved
2812,2813, Approved
2813,2814, Approved
2814,2815, Approved
2815,2816, Approved
2816,2817, Approved
2817,2818, Approved
2818,2819, Approved
2819,2820, Approved
2820,2821, Approved
2821,2822, Approved
2822,2823, Approved
2823,2824, Approved
2824,2825, Approved
2825,2826, Approved
2826,2827, Approved
2827,2828, Approved
2828,2829, Approved
2829,2830, Approved
2830,2831, Approved
2831,2832, Approved
2832,2833, Approved
2833,2834, Approved
2834,2835, Approved
2835,2836, Rejected
2836,2837, Approved
2837,2838, Approved
2838,2839, Approved
2839,2840, Approved
2840,2841, Approved
2841,2842, Approved
2842,2843, Approved
2843,2844, Approved
2844,2845, Approved
2845,2846, Approved
2846,2847, Approved
2847,2848, Approved
2848,2849, Approved
2849,2850, Approved
2850,2851, Approved
2851,2852, Approved
2852,2853, Approved
2853,2854, Approved
2854,2855, Approved
2855,2856, Approved
2856,2857, Approved
2857,2858, Approved
2858,2859, Approved
2859,2860, Approved
2860,2861, Approved
2861,2862, Approved
2862,2863, Approved
2863,2864, Approved
2864,2865, Approved
2865,2866, Approved
2866,2867, Approved
2867,2868, Approved
2868,2869, Approved
2869,2870, Approved
2870,2871, Approved
2871,2872, Approved
2872,2873, Approved
2873,2874, Approved
2874,2875, Approved
2875,2876, Approved
2876,2877, Approved
2877,2878, Approved
2878,2879, Approved
2879,2880, Approved
2880,2881, Approved
2881,2882, Approved
2882,2883, Approved
2883,2884, Rejected
2884,2885, Approved
2885,2886, Approved
2886,2887, Approved
2887,2888, Approved
2888,2889, Approved
2889,2890, Approved
2890,2891, Approved
2891,2892, Approved
2892,2893, Approved
2893,2894, Approved
2894,2895, Approved
2895,2896, Approved
2896,2897, Approved
2897,2898, Approved
2898,2899, Approved
2899,2900, Approved
2900,2901, Approved
2901,2902, Approved
2902,2903, Approved
2903,2904, Approved
2904,2905, Approved
2905,2906, Approved
2906,2907, Approved
2907,2908, Approved
2908,2909, Approved
2909,2910, Approved
2910,2911, Approved
2911,2912, Approved
2912,2913, Approved
2913,2914, Approved
2914,2915, Approved
2915,2916, Approved
2916,2917, Approved
2917,2918, Approved
2918,2919, Approved
2919,2920, Approved
2920,2921, Approved
2921,2922, Approved
2922,2923, Approved
2923,2924, Approved
2924,2925, Approved
2925,2926, Approved
2926,2927, Approved
2927,2928, Approved
2928,2929, Approved
2929,2930, Approved
2930,2931, Approved
2931,2932, Approved
2932,2933, Approved
2933,2934, Approved
2934,2935, Approved
2935,2936, Approved
2936,2937, Approved
2937,2938, Rejected
2938,2939, Approved
2939,2940, Approved
2940,2941, Approved
2941,2942, Approved
2942,2943, Approved
2943,2944, Approved
2944,2945, Approved
2945,2946, Approved
2946,2947, Approved
2947,2948, Approved
2948,2949, Approved
2949,2950, Approved
2950,2951, Approved
2951,2952, Approved
2952,2953, Approved
2953,2954, Approved
2954,2955, Approved
2955,2956, Approved
2956,2957, Approved
2957,2958, Approved
2958,2959, Approved
2959,2960, Approved
2960,2961, Approved
2961,2962, Approved
2962,2963, Approved
2963,2964, Rejected
2964,2965, Approved
2965,2966, Approved
2966,2967, Approved
2967,2968, Approved
2968,2969, Approved
2969,2970, Approved
2970,2971, Approved
2971,2972, Approved
2972,2973, Approved
2973,2974, Approved
2974,2975, Approved
2975,2976, Approved
2976,2977, Approved
2977,2978, Approved
2978,2979, Approved
2979,2980, Approved
2980,2981, Approved
2981,2982, Approved
2982,2983, Approved
2983,2984, Approved
2984,2985, Approved
2985,2986, Approved
2986,2987, Approved
2987,2988, Approved
2988,2989, Approved
2989,2990, Approved
2990,2991, Approved
2991,2992, Approved
2992,2993, Approved
2993,2994, Approved
2994,2995, Approved
2995,2996, Approved
2996,2997, Approved
2997,2998, Approved
2998,2999, Approved
2999,3000, Approved
3000,3001, Approved
3001,3002, Approved
3002,3003, Approved
3003,3004, Approved
3004,3005, Approved
3005,3006, Approved
3006,3007, Approved
3007,3008, Approved
3008,3009, Approved
3009,3010, Approved
3010,3011, Approved
3011,3012, Approved
3012,3013, Approved
3013,3014, Approved
3014,3015, Approved
3015,3016, Approved
3016,3017, Approved
3017,3018, Approved
3018,3019, Approved
3019,3020, Approved
3020,3021, Approved
3021,3022, Approved
3022,3023, Approved
3023,3024, Approved
3024,3025, Approved
3025,3026, Approved
3026,3027, Approved
3027,3028, Approved
3028,3029, Approved
3029,3030, Approved
3030,3031, Approved
3031,3032, Approved
3032,3033, Approved
3033,3034, Approved
3034,3035, Approved
3035,3036, Approved
3036,3037, Approved
3037,3038, Approved
3038,3039, Approved
3039,3040, Approved
3040,3041, Approved
3041,3042, Approved
3042,3043, Approved
3043,3044, Approved
3044,3045, Approved
3045,3046, Approved
3046,3047, Approved
3047,3048, Approved
3048,3049, Approved
3049,3050, Approved
3050,3051, Approved
3051,3052, Approved
3052,3053, Approved
3053,3054, Approved
3054,3055, Approved
3055,3056, Rejected
3056,3057, Approved
3057,3058, Approved
3058,3059, Approved
3059,3060, Approved
3060,3061, Approved
3061,3062, Approved
3062,3063, Approved
3063,3064, Approved
3064,3065, Approved
3065,3066, Rejected
3066,3067, Approved
3067,3068, Approved
3068,3069, Approved
3069,3070, Approved
3070,3071, Rejected
3071,3072, Approved
3072,3073, Approved
3073,3074, Approved
3074,3075, Approved
3075,3076, Approved
3076,3077, Approved
3077,3078, Approved
3078,3079, Approved
3079,3080, Approved
3080,3081, Approved
3081,3082, Approved
3082,3083, Approved
3083,3084, Approved
3084,3085, Approved
3085,3086, Approved
3086,3087, Approved
3087,3088, Approved
3088,3089, Approved
3089,3090, Approved
3090,3091, Approved
3091,3092, Approved
3092,3093, Approved
3093,3094, Approved
3094,3095, Approved
3095,3096, Approved
3096,3097, Approved
3097,3098, Approved
3098,3099, Approved
3099,3100, Approved
3100,3101, Approved
3101,3102, Approved
3102,3103, Approved
3103,3104, Approved
3104,3105, Approved
3105,3106, Approved
3106,3107, Approved
3107,3108, Approved
3108,3109, Approved
3109,3110, Approved
3110,3111, Approved
3111,3112, Approved
3112,3113, Approved
3113,3114, Approved
3114,3115, Approved
3115,3116, Approved
3116,3117, Approved
3117,3118, Approved
3118,3119, Approved
3119,3120, Approved
3120,3121, Approved
3121,3122, Approved
3122,3123, Approved
3123,3124, Approved
3124,3125, Approved
3125,3126, Approved
3126,3127, Approved
3127,3128, Approved
3128,3129, Approved
3129,3130, Approved
3130,3131, Approved
3131,3132, Approved
3132,3133, Approved
3133,3134, Approved
3134,3135, Approved
3135,3136, Approved
3136,3137, Approved
3137,3138, Approved
3138,3139, Approved
3139,3140, Approved
3140,3141, Approved
3141,3142, Approved
3142,3143, Approved
3143,3144, Rejected
3144,3145, Approved
3145,3146, Approved
3146,3147, Approved
3147,3148, Approved
3148,3149, Approved
3149,3150, Approved
3150,3151, Approved
3151,3152, Approved
3152,3153, Approved
3153,3154, Approved
3154,3155, Approved
3155,3156, Approved
3156,3157, Rejected
3157,3158, Approved
3158,3159, Approved
3159,3160, Approved
3160,3161, Approved
3161,3162, Approved
3162,3163, Approved
3163,3164, Approved
3164,3165, Approved
3165,3166, Rejected
3166,3167, Approved
3167,3168, Approved
3168,3169, Approved
3169,3170, Approved
3170,3171, Approved
3171,3172, Approved
3172,3173, Approved
3173,3174, Approved
3174,3175, Approved
3175,3176, Approved
3176,3177, Approved
3177,3178, Approved
3178,3179, Approved
3179,3180, Approved
3180,3181, Approved
3181,3182, Approved
3182,3183, Approved
3183,3184, Approved
3184,3185, Approved
3185,3186, Approved
3186,3187, Approved
3187,3188, Approved
3188,3189, Approved
3189,3190, Approved
3190,3191, Approved
3191,3192, Approved
3192,3193, Approved
3193,3194, Approved
3194,3195, Approved
3195,3196, Approved
3196,3197, Approved
3197,3198, Approved
3198,3199, Approved
3199,3200, Approved
3200,3201, Approved
3201,3202, Approved
3202,3203, Approved
3203,3204, Approved
3204,3205, Rejected
3205,3206, Approved
3206,3207, Approved
3207,3208, Approved
3208,3209, Approved
3209,3210, Approved
3210,3211, Approved
3211,3212, Approved
3212,3213, Approved
3213,3214, Approved
3214,3215, Approved
3215,3216, Approved
3216,3217, Approved
3217,3218, Approved
3218,3219, Approved
3219,3220, Approved
3220,3221, Approved
3221,3222, Approved
3222,3223, Approved
3223,3224, Approved
3224,3225, Approved
3225,3226, Approved
3226,3227, Approved
3227,3228, Approved
3228,3229, Approved
3229,3230, Approved
3230,3231, Approved
3231,3232, Approved
3232,3233, Approved
3233,3234, Approved
3234,3235, Approved
3235,3236, Approved
3236,3237, Approved
3237,3238, Approved
3238,3239, Approved
3239,3240, Approved
3240,3241, Approved
3241,3242, Approved
3242,3243, Approved
3243,3244, Approved
3244,3245, Approved
3245,3246, Approved
3246,3247, Approved
3247,3248, Approved
3248,3249, Approved
3249,3250, Approved
3250,3251, Approved
3251,3252, Approved
3252,3253, Approved
3253,3254, Approved
3254,3255, Approved
3255,3256, Approved
3256,3257, Approved
3257,3258, Approved
3258,3259, Approved
3259,3260, Approved
3260,3261, Approved
3261,3262, Approved
3262,3263, Approved
3263,3264, Approved
3264,3265, Approved
3265,3266, Approved
3266,3267, Approved
3267,3268, Approved
3268,3269, Approved
3269,3270, Approved
3270,3271, Approved
3271,3272, Approved
3272,3273, Approved
3273,3274, Approved
3274,3275, Approved
3275,3276, Approved
3276,3277, Approved
3277,3278, Approved
3278,3279, Approved
3279,3280, Approved
3280,3281, Approved
3281,3282, Approved
3282,3283, Approved
3283,3284, Approved
3284,3285, Approved
3285,3286, Approved
3286,3287, Approved
3287,3288, Approved
3288,3289, Approved
3289,3290, Approved
3290,3291, Approved
3291,3292, Approved
3292,3293, Approved
3293,3294, Approved
3294,3295, Approved
3295,3296, Approved
3296,3297, Approved
3297,3298, Approved
3298,3299, Approved
3299,3300, Approved
3300,3301, Approved
3301,3302, Approved
3302,3303, Approved
3303,3304, Approved
3304,3305, Approved
3305,3306, Approved
3306,3307, Approved
3307,3308, Approved
3308,3309, Approved
3309,3310, Approved
3310,3311, Approved
3311,3312, Approved
3312,3313, Approved
3313,3314, Approved
3314,3315, Approved
3315,3316, Approved
3316,3317, Approved
3317,3318, Approved
3318,3319, Approved
3319,3320, Approved
3320,3321, Approved
3321,3322, Approved
3322,3323, Approved
3323,3324, Approved
3324,3325, Approved
3325,3326, Approved
3326,3327, Approved
3327,3328, Approved
3328,3329, Approved
3329,3330, Approved
3330,3331, Approved
3331,3332, Approved
3332,3333, Approved
3333,3334, Approved
3334,3335, Approved
3335,3336, Approved
3336,3337, Approved
3337,3338, Approved
3338,3339, Approved
3339,3340, Approved
3340,3341, Approved
3341,3342, Approved
3342,3343, Approved
3343,3344, Approved
3344,3345, Approved
3345,3346, Approved
3346,3347, Approved
3347,3348, Approved
3348,3349, Approved
3349,3350, Approved
3350,3351, Approved
3351,3352, Approved
3352,3353, Approved
3353,3354, Approved
3354,3355, Approved
3355,3356, Approved
3356,3357, Approved
3357,3358, Approved
3358,3359, Approved
3359,3360, Approved
3360,3361, Approved
3361,3362, Rejected
3362,3363, Approved
3363,3364, Approved
3364,3365, Approved
3365,3366, Approved
3366,3367, Approved
3367,3368, Approved
3368,3369, Approved
3369,3370, Approved
3370,3371, Approved
3371,3372, Approved
3372,3373, Approved
3373,3374, Approved
3374,3375, Approved
3375,3376, Approved
3376,3377, Approved
3377,3378, Approved
3378,3379, Approved
3379,3380, Approved
3380,3381, Approved
3381,3382, Approved
3382,3383, Approved
3383,3384, Approved
3384,3385, Approved
3385,3386, Approved
3386,3387, Approved
3387,3388, Approved
3388,3389, Approved
3389,3390, Approved
3390,3391, Approved
3391,3392, Approved
3392,3393, Approved
3393,3394, Approved
3394,3395, Approved
3395,3396, Approved
3396,3397, Approved
3397,3398, Approved
3398,3399, Approved
3399,3400, Approved
3400,3401, Approved
3401,3402, Approved
3402,3403, Approved
3403,3404, Approved
3404,3405, Approved
3405,3406, Approved
3406,3407, Approved
3407,3408, Approved
3408,3409, Approved
3409,3410, Approved
3410,3411, Approved
3411,3412, Approved
3412,3413, Approved
3413,3414, Approved
3414,3415, Approved
3415,3416, Approved
3416,3417, Approved
3417,3418, Approved
3418,3419, Approved
3419,3420, Rejected
3420,3421, Approved
3421,3422, Approved
3422,3423, Approved
3423,3424, Approved
3424,3425, Approved
3425,3426, Approved
3426,3427, Approved
3427,3428, Approved
3428,3429, Approved
3429,3430, Approved
3430,3431, Approved
3431,3432, Approved
3432,3433, Approved
3433,3434, Approved
3434,3435, Approved
3435,3436, Approved
3436,3437, Approved
3437,3438, Approved
3438,3439, Approved
3439,3440, Approved
3440,3441, Approved
3441,3442, Approved
3442,3443, Approved
3443,3444, Approved
3444,3445, Approved
3445,3446, Approved
3446,3447, Approved
3447,3448, Approved
3448,3449, Approved
3449,3450, Approved
3450,3451, Approved
3451,3452, Approved
3452,3453, Approved
3453,3454, Approved
3454,3455, Approved
3455,3456, Approved
3456,3457, Approved
3457,3458, Approved
3458,3459, Approved
3459,3460, Approved
3460,3461, Approved
3461,3462, Approved
3462,3463, Approved
3463,3464, Approved
3464,3465, Approved
3465,3466, Approved
3466,3467, Approved
3467,3468, Approved
3468,3469, Rejected
3469,3470, Approved
3470,3471, Approved
3471,3472, Approved
3472,3473, Approved
3473,3474, Approved
3474,3475, Approved
3475,3476, Approved
3476,3477, Approved
3477,3478, Approved
3478,3479, Approved
3479,3480, Approved
3480,3481, Approved
3481,3482, Approved
3482,3483, Approved
3483,3484, Approved
3484,3485, Approved
3485,3486, Approved
3486,3487, Approved
3487,3488, Approved
3488,3489, Approved
3489,3490, Approved
3490,3491, Approved
3491,3492, Approved
3492,3493, Approved
3493,3494, Approved
3494,3495, Approved
3495,3496, Approved
3496,3497, Approved
3497,3498, Approved
3498,3499, Approved
3499,3500, Approved
3500,3501, Approved
3501,3502, Approved
3502,3503, Approved
3503,3504, Approved
3504,3505, Approved
3505,3506, Approved
3506,3507, Approved
3507,3508, Approved
3508,3509, Approved
3509,3510, Approved
3510,3511, Approved
3511,3512, Approved
3512,3513, Approved
3513,3514, Approved
3514,3515, Approved
3515,3516, Approved
3516,3517, Approved
3517,3518, Approved
3518,3519, Approved
3519,3520, Approved
3520,3521, Approved
3521,3522, Approved
3522,3523, Approved
3523,3524, Approved
3524,3525, Approved
3525,3526, Approved
3526,3527, Approved
3527,3528, Approved
3528,3529, Approved
3529,3530, Approved
3530,3531, Approved
3531,3532, Approved
3532,3533, Approved
3533,3534, Approved
3534,3535, Approved
3535,3536, Approved
3536,3537, Approved
3537,3538, Approved
3538,3539, Approved
3539,3540, Approved
3540,3541, Approved
3541,3542, Approved
3542,3543, Approved
3543,3544, Approved
3544,3545, Approved
3545,3546, Approved
3546,3547, Approved
3547,3548, Approved
3548,3549, Approved
3549,3550, Approved
3550,3551, Approved
3551,3552, Approved
3552,3553, Approved
3553,3554, Approved
3554,3555, Approved
3555,3556, Approved
3556,3557, Approved
3557,3558, Approved
3558,3559, Approved
3559,3560, Approved
3560,3561, Approved
3561,3562, Approved
3562,3563, Approved
3563,3564, Approved
3564,3565, Approved
3565,3566, Approved
3566,3567, Approved
3567,3568, Approved
3568,3569, Approved
3569,3570, Approved
3570,3571, Approved
3571,3572, Approved
3572,3573, Approved
3573,3574, Approved
3574,3575, Approved
3575,3576, Approved
3576,3577, Approved
3577,3578, Approved
3578,3579, Approved
3579,3580, Approved
3580,3581, Approved
3581,3582, Approved
3582,3583, Approved
3583,3584, Approved
3584,3585, Approved
3585,3586, Approved
3586,3587, Approved
3587,3588, Approved
3588,3589, Approved
3589,3590, Approved
3590,3591, Approved
3591,3592, Approved
3592,3593, Approved
3593,3594, Approved
3594,3595, Approved
3595,3596, Approved
3596,3597, Approved
3597,3598, Approved
3598,3599, Approved
3599,3600, Approved
3600,3601, Approved
3601,3602, Approved
3602,3603, Approved
3603,3604, Approved
3604,3605, Approved
3605,3606, Approved
3606,3607, Approved
3607,3608, Approved
3608,3609, Approved
3609,3610, Approved
3610,3611, Approved
3611,3612, Approved
3612,3613, Approved
3613,3614, Approved
3614,3615, Approved
3615,3616, Approved
3616,3617, Approved
3617,3618, Approved
3618,3619, Approved
3619,3620, Approved
3620,3621, Approved
3621,3622, Approved
3622,3623, Approved
3623,3624, Approved
3624,3625, Approved
3625,3626, Approved
3626,3627, Approved
3627,3628, Approved
3628,3629, Approved
3629,3630, Approved
3630,3631, Approved
3631,3632, Approved
3632,3633, Approved
3633,3634, Rejected
3634,3635, Approved
3635,3636, Approved
3636,3637, Approved
3637,3638, Approved
3638,3639, Approved
3639,3640, Approved
3640,3641, Approved
3641,3642, Approved
3642,3643, Approved
3643,3644, Approved
3644,3645, Approved
3645,3646, Approved
3646,3647, Approved
3647,3648, Approved
3648,3649, Approved
3649,3650, Approved
3650,3651, Approved
3651,3652, Approved
3652,3653, Approved
3653,3654, Approved
3654,3655, Approved
3655,3656, Approved
3656,3657, Approved
3657,3658, Approved
3658,3659, Approved
3659,3660, Approved
3660,3661, Approved
3661,3662, Approved
3662,3663, Approved
3663,3664, Approved
3664,3665, Approved
3665,3666, Approved
3666,3667, Approved
3667,3668, Approved
3668,3669, Approved
3669,3670, Approved
3670,3671, Approved
3671,3672, Approved
3672,3673, Approved
3673,3674, Approved
3674,3675, Approved
3675,3676, Approved
3676,3677, Approved
3677,3678, Approved
3678,3679, Approved
3679,3680, Approved
3680,3681, Approved
3681,3682, Approved
3682,3683, Approved
3683,3684, Approved
3684,3685, Approved
3685,3686, Approved
3686,3687, Approved
3687,3688, Approved
3688,3689, Approved
3689,3690, Approved
3690,3691, Approved
3691,3692, Approved
3692,3693, Approved
3693,3694, Approved
3694,3695, Approved
3695,3696, Approved
3696,3697, Approved
3697,3698, Approved
3698,3699, Approved
3699,3700, Approved
3700,3701, Approved
3701,3702, Approved
3702,3703, Approved
3703,3704, Approved
3704,3705, Approved
3705,3706, Approved
3706,3707, Approved
3707,3708, Approved
3708,3709, Approved
3709,3710, Approved
3710,3711, Approved
3711,3712, Approved
3712,3713, Approved
3713,3714, Approved
3714,3715, Approved
3715,3716, Approved
3716,3717, Approved
3717,3718, Approved
3718,3719, Approved
3719,3720, Approved
3720,3721, Approved
3721,3722, Approved
3722,3723, Approved
3723,3724, Approved
3724,3725, Approved
3725,3726, Approved
3726,3727, Approved
3727,3728, Approved
3728,3729, Approved
3729,3730, Approved
3730,3731, Approved
3731,3732, Approved
3732,3733, Approved
3733,3734, Approved
3734,3735, Approved
3735,3736, Approved
3736,3737, Approved
3737,3738, Approved
3738,3739, Approved
3739,3740, Approved
3740,3741, Approved
3741,3742, Approved
3742,3743, Approved
3743,3744, Approved
3744,3745, Approved
3745,3746, Approved
3746,3747, Approved
3747,3748, Approved
3748,3749, Approved
3749,3750, Approved
3750,3751, Approved
3751,3752, Approved
3752,3753, Approved
3753,3754, Approved
3754,3755, Approved
3755,3756, Approved
3756,3757, Approved
3757,3758, Approved
3758,3759, Approved
3759,3760, Approved
3760,3761, Approved
3761,3762, Approved
3762,3763, Approved
3763,3764, Approved
3764,3765, Approved
3765,3766, Approved
3766,3767, Approved
3767,3768, Rejected
3768,3769, Approved
3769,3770, Approved
3770,3771, Approved
3771,3772, Approved
3772,3773, Approved
3773,3774, Approved
3774,3775, Approved
3775,3776, Approved
3776,3777, Approved
3777,3778, Approved
3778,3779, Approved
3779,3780, Approved
3780,3781, Approved
3781,3782, Approved
3782,3783, Approved
3783,3784, Approved
3784,3785, Approved
3785,3786, Approved
3786,3787, Approved
3787,3788, Approved
3788,3789, Approved
3789,3790, Approved
3790,3791, Approved
3791,3792, Approved
3792,3793, Approved
3793,3794, Approved
3794,3795, Approved
3795,3796, Approved
3796,3797, Approved
3797,3798, Approved
3798,3799, Approved
3799,3800, Approved
3800,3801, Approved
3801,3802, Approved
3802,3803, Approved
3803,3804, Approved
3804,3805, Approved
3805,3806, Approved
3806,3807, Approved
3807,3808, Approved
3808,3809, Approved
3809,3810, Approved
3810,3811, Approved
3811,3812, Approved
3812,3813, Approved
3813,3814, Approved
3814,3815, Approved
3815,3816, Approved
3816,3817, Approved
3817,3818, Approved
3818,3819, Approved
3819,3820, Approved
3820,3821, Approved
3821,3822, Approved
3822,3823, Approved
3823,3824, Approved
3824,3825, Approved
3825,3826, Approved
3826,3827, Approved
3827,3828, Approved
3828,3829, Approved
3829,3830, Approved
3830,3831, Approved
3831,3832, Approved
3832,3833, Approved
3833,3834, Approved
3834,3835, Approved
3835,3836, Approved
3836,3837, Approved
3837,3838, Approved
3838,3839, Approved
3839,3840, Approved
3840,3841, Approved
3841,3842, Approved
3842,3843, Approved
3843,3844, Approved
3844,3845, Approved
3845,3846, Approved
3846,3847, Approved
3847,3848, Approved
3848,3849, Approved
3849,3850, Approved
3850,3851, Approved
3851,3852, Approved
3852,3853, Approved
3853,3854, Approved
3854,3855, Approved
3855,3856, Approved
3856,3857, Approved
3857,3858, Approved
3858,3859, Approved
3859,3860, Approved
3860,3861, Approved
3861,3862, Approved
3862,3863, Approved
3863,3864, Approved
3864,3865, Approved
3865,3866, Approved
3866,3867, Approved
3867,3868, Approved
3868,3869, Approved
3869,3870, Approved
3870,3871, Approved
3871,3872, Approved
3872,3873, Rejected
3873,3874, Approved
3874,3875, Approved
3875,3876, Approved
3876,3877, Approved
3877,3878, Approved
3878,3879, Approved
3879,3880, Approved
3880,3881, Approved
3881,3882, Approved
3882,3883, Approved
3883,3884, Approved
3884,3885, Approved
3885,3886, Approved
3886,3887, Approved
3887,3888, Approved
3888,3889, Approved
3889,3890, Approved
3890,3891, Approved
3891,3892, Approved
3892,3893, Approved
3893,3894, Approved
3894,3895, Approved
3895,3896, Approved
3896,3897, Approved
3897,3898, Approved
3898,3899, Approved
3899,3900, Approved
3900,3901, Approved
3901,3902, Approved
3902,3903, Approved
3903,3904, Approved
3904,3905, Approved
3905,3906, Approved
3906,3907, Approved
3907,3908, Approved
3908,3909, Approved
3909,3910, Approved
3910,3911, Approved
3911,3912, Approved
3912,3913, Approved
3913,3914, Approved
3914,3915, Approved
3915,3916, Approved
3916,3917, Approved
3917,3918, Approved
3918,3919, Approved
3919,3920, Approved
3920,3921, Approved
3921,3922, Approved
3922,3923, Approved
3923,3924, Approved
3924,3925, Approved
3925,3926, Approved
3926,3927, Approved
3927,3928, Approved
3928,3929, Approved
3929,3930, Approved
3930,3931, Approved
3931,3932, Approved
3932,3933, Approved
3933,3934, Approved
3934,3935, Approved
3935,3936, Rejected
3936,3937, Approved
3937,3938, Approved
3938,3939, Approved
3939,3940, Approved
3940,3941, Approved
3941,3942, Approved
3942,3943, Approved
3943,3944, Approved
3944,3945, Approved
3945,3946, Approved
3946,3947, Approved
3947,3948, Approved
3948,3949, Approved
3949,3950, Approved
3950,3951, Approved
3951,3952, Approved
3952,3953, Approved
3953,3954, Approved
3954,3955, Approved
3955,3956, Approved
3956,3957, Approved
3957,3958, Approved
3958,3959, Approved
3959,3960, Approved
3960,3961, Approved
3961,3962, Approved
3962,3963, Approved
3963,3964, Approved
3964,3965, Approved
3965,3966, Approved
3966,3967, Approved
3967,3968, Approved
3968,3969, Approved
3969,3970, Approved
3970,3971, Approved
3971,3972, Approved
3972,3973, Approved
3973,3974, Approved
3974,3975, Approved
3975,3976, Approved
3976,3977, Approved
3977,3978, Approved
3978,3979, Approved
3979,3980, Rejected
3980,3981, Approved
3981,3982, Approved
3982,3983, Approved
3983,3984, Approved
3984,3985, Approved
3985,3986, Approved
3986,3987, Approved
3987,3988, Approved
3988,3989, Approved
3989,3990, Approved
3990,3991, Approved
3991,3992, Approved
3992,3993, Approved
3993,3994, Approved
3994,3995, Approved
3995,3996, Approved
3996,3997, Approved
3997,3998, Approved
3998,3999, Approved
3999,4000, Approved
4000,4001, Approved
4001,4002, Approved
4002,4003, Approved
4003,4004, Approved
4004,4005, Approved
4005,4006, Approved
4006,4007, Approved
4007,4008, Approved
4008,4009, Approved
4009,4010, Approved
4010,4011, Approved
4011,4012, Approved
4012,4013, Approved
4013,4014, Approved
4014,4015, Approved
4015,4016, Approved
4016,4017, Approved
4017,4018, Approved
4018,4019, Approved
4019,4020, Approved
4020,4021, Approved
4021,4022, Approved
4022,4023, Approved
4023,4024, Approved
4024,4025, Approved
4025,4026, Approved
4026,4027, Approved
4027,4028, Approved
4028,4029, Approved
4029,4030, Approved
4030,4031, Approved
4031,4032, Approved
4032,4033, Approved
4033,4034, Approved
4034,4035, Approved
4035,4036, Approved
4036,4037, Approved
4037,4038, Approved
4038,4039, Approved
4039,4040, Approved
4040,4041, Approved
4041,4042, Rejected
4042,4043, Approved
4043,4044, Approved
4044,4045, Approved
4045,4046, Approved
4046,4047, Approved
4047,4048, Approved
4048,4049, Approved
4049,4050, Approved
4050,4051, Approved
4051,4052, Approved
4052,4053, Approved
4053,4054, Approved
4054,4055, Approved
4055,4056, Approved
4056,4057, Approved
4057,4058, Approved
4058,4059, Approved
4059,4060, Approved
4060,4061, Approved
4061,4062, Approved
4062,4063, Approved
4063,4064, Approved
4064,4065, Approved
4065,4066, Approved
4066,4067, Approved
4067,4068, Approved
4068,4069, Approved
4069,4070, Approved
4070,4071, Approved
4071,4072, Approved
4072,4073, Approved
4073,4074, Approved
4074,4075, Approved
4075,4076, Approved
4076,4077, Approved
4077,4078, Approved
4078,4079, Approved
4079,4080, Approved
4080,4081, Approved
4081,4082, Approved
4082,4083, Approved
4083,4084, Approved
4084,4085, Approved
4085,4086, Approved
4086,4087, Approved
4087,4088, Approved
4088,4089, Approved
4089,4090, Approved
4090,4091, Approved
4091,4092, Approved
4092,4093, Approved
4093,4094, Approved
4094,4095, Approved
4095,4096, Approved
4096,4097, Approved
4097,4098, Approved
4098,4099, Approved
4099,4100, Approved
4100,4101, Approved
4101,4102, Approved
4102,4103, Approved
4103,4104, Approved
4104,4105, Approved
4105,4106, Approved
4106,4107, Approved
4107,4108, Approved
4108,4109, Approved
4109,4110, Approved
4110,4111, Approved
4111,4112, Approved
4112,4113, Approved
4113,4114, Approved
4114,4115, Approved
4115,4116, Approved
4116,4117, Approved
4117,4118, Approved
4118,4119, Approved
4119,4120, Approved
4120,4121, Approved
4121,4122, Approved
4122,4123, Approved
4123,4124, Approved
4124,4125, Approved
4125,4126, Approved
4126,4127, Approved
4127,4128, Approved
4128,4129, Approved
4129,4130, Approved
4130,4131, Approved
4131,4132, Approved
4132,4133, Approved
4133,4134, Approved
4134,4135, Approved
4135,4136, Approved
4136,4137, Approved
4137,4138, Approved
4138,4139, Approved
4139,4140, Approved
4140,4141, Approved
4141,4142, Approved
4142,4143, Approved
4143,4144, Approved
4144,4145, Approved
4145,4146, Approved
4146,4147, Approved
4147,4148, Approved
4148,4149, Approved
4149,4150, Approved
4150,4151, Approved
4151,4152, Rejected
4152,4153, Approved
4153,4154, Approved
4154,4155, Approved
4155,4156, Approved
4156,4157, Approved
4157,4158, Approved
4158,4159, Approved
4159,4160, Approved
4160,4161, Approved
4161,4162, Approved
4162,4163, Approved
4163,4164, Approved
4164,4165, Approved
4165,4166, Approved
4166,4167, Approved
4167,4168, Approved
4168,4169, Approved
4169,4170, Approved
4170,4171, Approved
4171,4172, Approved
4172,4173, Approved
4173,4174, Approved
4174,4175, Approved
4175,4176, Approved
4176,4177, Approved
4177,4178, Approved
4178,4179, Approved
4179,4180, Approved
4180,4181, Approved
4181,4182, Approved
4182,4183, Approved
4183,4184, Approved
4184,4185, Approved
4185,4186, Approved
4186,4187, Approved
4187,4188, Approved
4188,4189, Approved
4189,4190, Approved
4190,4191, Approved
4191,4192, Approved
4192,4193, Approved
4193,4194, Approved
4194,4195, Approved
4195,4196, Approved
4196,4197, Approved
4197,4198, Approved
4198,4199, Approved
4199,4200, Approved
4200,4201, Approved
4201,4202, Approved
4202,4203, Approved
4203,4204, Approved
4204,4205, Approved
4205,4206, Approved
4206,4207, Approved
4207,4208, Approved
4208,4209, Approved
4209,4210, Approved
4210,4211, Approved
4211,4212, Approved
4212,4213, Approved
4213,4214, Approved
4214,4215, Approved
4215,4216, Approved
4216,4217, Approved
4217,4218, Approved
4218,4219, Approved
4219,4220, Approved
4220,4221, Approved
4221,4222, Approved
4222,4223, Approved
4223,4224, Approved
4224,4225, Approved
4225,4226, Approved
4226,4227, Approved
4227,4228, Approved
4228,4229, Approved
4229,4230, Approved
4230,4231, Approved
4231,4232, Approved
4232,4233, Approved
4233,4234, Approved
4234,4235, Approved
4235,4236, Approved
4236,4237, Approved
4237,4238, Approved
4238,4239, Approved
4239,4240, Approved
4240,4241, Approved
4241,4242, Approved
4242,4243, Approved
4243,4244, Approved
4244,4245, Approved
4245,4246, Approved
4246,4247, Approved
4247,4248, Approved
4248,4249, Approved
4249,4250, Approved
4250,4251, Approved
4251,4252, Approved
4252,4253, Approved
4253,4254, Approved
4254,4255, Approved
4255,4256, Approved
4256,4257, Approved
4257,4258, Approved
4258,4259, Approved
4259,4260, Approved
4260,4261, Approved
4261,4262, Approved
4262,4263, Approved
4263,4264, Approved
4264,4265, Approved
4265,4266, Approved
4266,4267, Approved
4267,4268, Approved
4268,4269, Approved
